<?xml version="1.0" encoding="UTF-8"?>
<!DOCTYPE hibernate-configuration PUBLIC "-//Hibernate/Hibernate Configuration DTD 3.0//EN" "http://hibernate.sourceforge.net/hibernate-configuration-3.0.dtd">
<hibernate-configuration>
  <session-factory>
    <property name="hibernate.dialect">org.hibernate.dialect.MySQLDialect</property>
    <property name="hibernate.connection.driver_class">com.mysql.jdbc.Driver</property>
    <property name="hibernate.connection.url">jdbc:mysql://localhost:3306/project?zeroDateTimeBehavior=convertToNull</property>
    <property name="hibernate.connection.username">root</property>
    <property name="hibernate.connection.password">sayan</property>
    <mapping resource="com/hp/Phones.hbm.xml"/>
    <mapping resource="com/hp/Laptops.hbm.xml"/>
    <mapping resource="com/hp/Earphones.hbm.xml"/>
    <mapping resource="com/hp/Tablets.hbm.xml"/>
    <mapping resource="com/hp/Login.hbm.xml"/>
    <mapping resource="com/hp/Games.hbm.xml"/>
    <mapping resource="com/hp/Cameras.hbm.xml"/>
    <mapping resource="com/hp/Consoles.hbm.xml"/>
  </session-factory>
</hibernate-configuration>
