<?xml version="1.0" encoding="UTF-8"?>
<!DOCTYPE hibernate-reverse-engineering PUBLIC "-//Hibernate/Hibernate Reverse Engineering DTD 3.0//EN" "http://hibernate.sourceforge.net/hibernate-reverse-engineering-3.0.dtd">
<hibernate-reverse-engineering>
  <schema-selection match-catalog="project"/>
  <table-filter match-name="phones"/>
  <table-filter match-name="games"/>
  <table-filter match-name="tablets"/>
  <table-filter match-name="login"/>
  <table-filter match-name="consoles"/>
  <table-filter match-name="laptops"/>
  <table-filter match-name="earphones"/>
  <table-filter match-name="cameras"/>
</hibernate-reverse-engineering>
