<!DOCTYPE struts PUBLIC
"-//Apache Software Foundation//DTD Struts Configuration 2.0//EN"
"http://struts.apache.org/dtds/struts-2.0.dtd">

<struts>
    <!-- Configuration for the default package. -->
    <package name="default" extends="struts-default">
        <action name="kuchbhi" class="com.hp.c1">
            <result name="Admin">/Admin.jsp</result>
            <result name="Error">/Error.jsp</result>
        </action>
        <action name="abc" class="com.hp.c2" >
            <result name="Success">/Insert.jsp</result>
        </action>
       <action name="update" class="com.hp.c2">
            <result name="Success">/Update.jsp</result>
        </action>
        <action name="delete" class="com.hp.c2">
            <result name="Success">/Delete.jsp</result>
        </action> 
        <action name="show" class="com.hp.c2">
            <result name="Success">/Records.jsp</result>
        </action>

        <action name="keno" class="com.hp.c3" >
            <interceptor-ref name="fileUpload">
                <param name="maximumSize">4194304</param>
               
            </interceptor-ref>
            <interceptor-ref name="defaultStack"></interceptor-ref>
            <result name="Success">/Insert.jsp</result>
            <result name="Failed">/Insert.jsp</result>
            <result name="input">/Insert.jsp</result>
        </action>
        <action name="keno1" class="com.hp.c4">
            <result name="Success">/Update.jsp</result>
            <result name="Failed">/Update.jsp</result>
            <result name="input">/Update.jsp</result>
         
        </action>
        <action name="keno2" class="com.hp.c5">
            <result name="Success">/Delete.jsp</result>
            <result name="Failed">/Delete.jsp</result>
            
           <result name="input">/Delete.jsp</result>
        </action>       
         <action name="Authenticate" class="thebazaar.AuthCheck">
            <result name="Admin">/Admin.jsp</result>
            <result name="User">/ClientHome.jsp</result>
            <result name="Error">/index.jsp</result>
            <result name="input">/index.jsp</result>
        </action>  
         <action name="Check" class="thebazaar.CheckReg">
            <result name="success">/index.jsp</result>
            <result name="Error">/NewUser.jsp</result>
        </action>
           
    </package>
</struts>
