<?xml version="1.0"?>
<!DOCTYPE hibernate-mapping PUBLIC "-//Hibernate/Hibernate Mapping DTD 3.0//EN"
"http://www.hibernate.org/dtd/hibernate-mapping-3.0.dtd">
<!-- Generated 14 Jul, 2014 3:51:25 PM by Hibernate Tools 3.6.0 -->
<hibernate-mapping>
    <class name="com.hp.Cameras" table="cameras" catalog="project">
        <id name="pid" type="string">
            <column name="pid" length="10" />
            <generator class="assigned" />
        </id>
        <property name="pname" type="string">
            <column name="pname" length="30" />
        </property>
        <property name="pdesc" type="string">
            <column name="pdesc" length="3000" />
        </property>
        <property name="pimgname" type="string">
            <column name="pimgname" length="30" />
        </property>
        <property name="pprice" type="java.lang.Float">
            <column name="pprice" precision="12" scale="0" />
        </property>
        <property name="psold" type="java.lang.Integer">
            <column name="psold" />
        </property>
    </class>
</hibernate-mapping>
