<?xml version="1.0"?>
<!DOCTYPE hibernate-mapping PUBLIC "-//Hibernate/Hibernate Mapping DTD 3.0//EN"
"http://www.hibernate.org/dtd/hibernate-mapping-3.0.dtd">
<!-- Generated 14 Jul, 2014 3:51:25 PM by Hibernate Tools 3.6.0 -->
<hibernate-mapping>
    <class name="com.hp.Login" table="login" catalog="project">
        <id name="uname" type="string">
            <column name="uname" length="20" />
            <generator class="assigned" />
        </id>
        <property name="upass" type="string">
            <column name="upass" length="20" />
        </property>
        <property name="utype" type="string">
            <column name="utype" length="20" />
        </property>
    </class>
</hibernate-mapping>
